{

    "BTC": {
       "Address": "1PVKAKsBhtMe2mwrbZZUspH6TE7k7f9JtF",
       "Amount": "0.00005"
      },
    "LTC": {
       "Address": "LUGmneREK8qaoSGMaa6Mrgq37EWywJN5HV",
       "Amount": "0.0004"
      },
    "DOGE": {
        "Address": "D6rkG3aDomKhoAfi9FQ8uwEf7PM5QxPKTY",
        "Amount": "4.000"
      },
    "BCH": {
        "Address": "qr8nxhz8d33jj8a44hau22w5exzk2qhjfvll4mw4fn",
        "Amount": "0.0001"
      },
    "ZEC": {
        "Address": "t1fKeDCcxs7hLzgGvveDbZEdGyx1U7j7GrX",
        "Amount": "0.00035"
    }

}
